{"m_masterVolume":0.6000000238418579,"m_BGMVolume":0.800000011920929,"m_SEVolume":0.5}